{"cameraMode":{"drawMode":0,"name":"Shaded","section":"Shading Mode"},"sceneLighting":false,"audioPlay":false,"sceneViewState":{"showFog":true,"showMaterialUpdate":false,"showSkybox":false,"showFlares":true,"showImageEffects":true,"showParticleSystems":true},"in2DMode":false,"pivot":{"x":12.979589462280274,"y":3.933669090270996,"z":25.33762550354004},"rotation":{"x":0.4933634400367737,"y":-0.48346400260925295,"z":0.39296603202819826,"w":0.6069931983947754},"size":0.7802771925926209,"orthographic":false}