{"cameraMode":{"drawMode":0,"name":"Shaded","section":"Shading Mode"},"sceneLighting":false,"audioPlay":false,"sceneViewState":{"showFog":true,"showMaterialUpdate":false,"showSkybox":false,"showFlares":true,"showImageEffects":true,"showParticleSystems":true},"in2DMode":false,"pivot":{"x":-1.7108490467071534,"y":-6.806690216064453,"z":16.359832763671876},"rotation":{"x":-0.07149435579776764,"y":0.9221843481063843,"z":-0.20670261979103089,"w":-0.3189654052257538},"size":11.635000228881836,"orthographic":false}