{"cameraMode":{"drawMode":0,"name":"Shaded","section":"Shading Mode"},"sceneLighting":false,"audioPlay":false,"sceneViewState":{"showFog":true,"showMaterialUpdate":false,"showSkybox":false,"showFlares":true,"showImageEffects":true,"showParticleSystems":true},"in2DMode":false,"pivot":{"x":4.157975673675537,"y":2.5,"z":25.00371742248535},"rotation":{"x":0.12307299673557282,"y":-0.7882943749427795,"z":0.16752278804779054,"w":0.5791272521018982},"size":1.1967427730560303,"orthographic":false}