{"cameraMode":{"drawMode":0,"name":"Shaded","section":"Shading Mode"},"sceneLighting":true,"audioPlay":false,"sceneViewState":{"showFog":false,"showMaterialUpdate":false,"showSkybox":false,"showFlares":false,"showImageEffects":false,"showParticleSystems":false},"in2DMode":false,"pivot":{"x":9.943456649780274,"y":-0.3284056782722473,"z":11.459833145141602},"rotation":{"x":0.23695622384548188,"y":0.4594828486442566,"z":-0.1286490559577942,"w":0.8462988138198853},"size":3.5099520683288576,"orthographic":true}