{"cameraMode":{"drawMode":0,"name":"Shaded","section":"Shading Mode"},"sceneLighting":false,"audioPlay":false,"sceneViewState":{"showFog":true,"showMaterialUpdate":false,"showSkybox":false,"showFlares":true,"showImageEffects":true,"showParticleSystems":true},"in2DMode":false,"pivot":{"x":13.479999542236329,"y":4.846000671386719,"z":27.049999237060548},"rotation":{"x":0.07111156731843949,"y":0.325663298368454,"z":-0.024583658203482629,"w":0.9425215125083923},"size":10.25619125366211,"orthographic":false}