{"cameraMode":{"drawMode":0,"name":"Shaded","section":"Shading Mode"},"sceneLighting":false,"audioPlay":false,"sceneViewState":{"showFog":true,"showMaterialUpdate":false,"showSkybox":false,"showFlares":true,"showImageEffects":true,"showParticleSystems":true},"in2DMode":false,"pivot":{"x":4.524928092956543,"y":1.8675129413604737,"z":24.81357765197754},"rotation":{"x":0.11355490237474442,"y":-0.8276223540306091,"z":0.181077241897583,"w":0.5190044045448303},"size":0.5967427492141724,"orthographic":false}