{"cameraMode":{"drawMode":0,"name":"Shaded","section":"Shading Mode"},"sceneLighting":false,"audioPlay":false,"sceneViewState":{"showFog":true,"showMaterialUpdate":false,"showSkybox":false,"showFlares":true,"showImageEffects":true,"showParticleSystems":true},"in2DMode":false,"pivot":{"x":13.560500144958496,"y":4.611455917358398,"z":25.252622604370118},"rotation":{"x":0.23184120655059815,"y":0.5835540890693665,"z":-0.17859609425067902,"w":0.7575154900550842},"size":0.7197229266166687,"orthographic":false}