{"cameraMode":{"drawMode":0,"name":"Shaded","section":"Shading Mode"},"sceneLighting":false,"audioPlay":false,"sceneViewState":{"showFog":true,"showMaterialUpdate":false,"showSkybox":false,"showFlares":true,"showImageEffects":true,"showParticleSystems":true},"in2DMode":false,"pivot":{"x":13.75,"y":6.040437698364258,"z":24.600000381469728},"rotation":{"x":0.07111156731843949,"y":0.325663298368454,"z":-0.024583658203482629,"w":0.9425215125083923},"size":9.437554359436036,"orthographic":false}